{"name":"Plot","about":"Discover, plan, and share the movies you watch.\n\nGet Plot for iPhone today.","cover":{"cover_id":"1005511076143446","offset_x":0,"offset_y":41,"source":"https://scontent.xx.fbcdn.net/t31.0-8/s720x720/10010079_1005511076143446_4876932158086551997_o.jpg","id":"1005511076143446"},"description":"We wanted to build a simple and slick app for sharing and reviewing what you watch, collating the movies you want to see, and a base to explore numerous ideas around movie discovery.\n\nLacking ideas for your movie night? Browse collections and recommendations, search for movies or check out what your friends are watching.\n\nKeep missing movies while they're in the cinema? Never forget showings again by adding movies to your Watchlist.\n\nOr release your inner critique by plotting your viewings, while leaving mini reviews and joining conversations.","photos":[{"images":[{"height":933,"source":"https://scontent.xx.fbcdn.net/t31.0-8/10010079_1005511076143446_4876932158086551997_o.jpg","width":1400},{"height":720,"source":"https://scontent.xx.fbcdn.net/t31.0-8/p720x720/10010079_1005511076143446_4876932158086551997_o.jpg","width":1080},{"height":600,"source":"https://scontent.xx.fbcdn.net/t31.0-0/p600x600/10010079_1005511076143446_4876932158086551997_o.jpg","width":900},{"height":480,"source":"https://scontent.xx.fbcdn.net/t31.0-0/p480x480/10010079_1005511076143446_4876932158086551997_o.jpg","width":720},{"height":320,"source":"https://scontent.xx.fbcdn.net/v/t1.0-0/p320x320/11079_1005511076143446_4876932158086551997_n.jpg?oh=b771979990c155c72f97a958b36a401c&oe=587F9685","width":480},{"height":540,"source":"https://scontent.xx.fbcdn.net/t31.0-0/p180x540/10010079_1005511076143446_4876932158086551997_o.jpg","width":810},{"height":130,"source":"https://scontent.xx.fbcdn.net/v/t1.0-0/p130x130/11079_1005511076143446_4876932158086551997_n.jpg?oh=129c10031cd95c5c07de989bf1d0cb4e&oe=58836CB2","width":195},{"height":225,"source":"https://scontent.xx.fbcdn.net/v/t1.0-0/p75x225/11079_1005511076143446_4876932158086551997_n.jpg?oh=bf6a9f76279f685938caf1f51d03c77f&oe=5847D0ED","width":338}],"album":{"created_time":"2015-03-02T21:24:25+0000","name":"Cover Photos","id":"1005511146143439"},"id":"1005511076143446"},{"images":[{"height":1024,"source":"https://scontent.xx.fbcdn.net/t31.0-8/10517381_1005509482810272_186990876751164573_o.png","width":1024},{"height":960,"source":"https://scontent.xx.fbcdn.net/v/t1.0-9/11046646_1005509482810272_186990876751164573_n.png?oh=6b03cb5853e6d1d1c56c90a7340a473b&oe=587EA196","width":960},{"height":720,"source":"https://scontent.xx.fbcdn.net/v/t1.0-9/p720x720/11046646_1005509482810272_186990876751164573_n.png?oh=bd1fb3d63afe4d945f2deb49c5cce2cb&oe=587F81E7","width":720},{"height":600,"source":"https://scontent.xx.fbcdn.net/v/t1.0-0/p600x600/11046646_1005509482810272_186990876751164573_n.png?oh=cbd015931f603ae3be997bc30361160b&oe=583B42CD","width":600},{"height":480,"source":"https://scontent.xx.fbcdn.net/v/t1.0-0/p480x480/11046646_1005509482810272_186990876751164573_n.png?oh=02de7dfd13eb4df8de2124a31ad8ecd2&oe=58491F2D","width":480},{"height":320,"source":"https://scontent.xx.fbcdn.net/v/t1.0-0/p320x320/11046646_1005509482810272_186990876751164573_n.png?oh=59f6338149da8f5e8577418b08833a4c&oe=587D0F77","width":320},{"height":540,"source":"https://scontent.xx.fbcdn.net/v/t1.0-0/p180x540/11046646_1005509482810272_186990876751164573_n.png?oh=15cb6ba891a35df1e2fc43414748921d&oe=58504ACA","width":540},{"height":130,"source":"https://scontent.xx.fbcdn.net/v/t1.0-0/p130x130/11046646_1005509482810272_186990876751164573_n.png?oh=b1aee2774c0a958cd9a6af6aeb8d4e2b&oe=5845D018","width":130},{"height":225,"source":"https://scontent.xx.fbcdn.net/v/t1.0-0/p75x225/11046646_1005509482810272_186990876751164573_n.png?oh=07542af2bdf9fa78946e795447ebf4ce&oe=5851E66C","width":225}],"album":{"created_time":"2015-03-02T21:18:14+0000","name":"Profile Pictures","id":"1005509472810273"},"id":"1005509482810272"}],"posts":[{"full_picture":"https://external.xx.fbcdn.net/safe_image.php?d=AQAopLR2ymtN8Cjm&url=http%3A%2F%2Fblog.plotapp.io%2Fcontent%2Fimages%2F2016%2F05%2Fx-men-apocalypse-thumb.jpg","message":"So the new X-Men: Apocalypse isn't very good...","created_time":"2016-05-17T11:23:12+0000","id":"1005508159477071_1269541433073741"},{"full_picture":"https://scontent.xx.fbcdn.net/v/t1.0-9/13179435_1262390747122143_1337549600804857194_n.jpg?oh=fac4fc806fca049352a7041a393c12cd&oe=584E0213","object_id":"1262390747122143","message":"Alden Ehrenreich Cast as Han Solo in ‘Star Wars’ Spinoff. http://buff.ly/1q3yqTh","created_time":"2016-05-06T13:59:10+0000","id":"1005508159477071_1262390747122143"},{"full_picture":"https://external.xx.fbcdn.net/safe_image.php?d=AQDNbMxG-v8w9tr2&url=https%3A%2F%2Fscontent.cdninstagram.com%2Ft51.2885-15%2Fs750x750%2Fsh0.08%2Fe35%2F13099009_491655461040261_1353777998_n.jpg%3Fig_cache_key%3DMTI0MTkzOTI1NDA0MTkxMTUwNQ%253D%253D.2","message":"\"Enemy\" reviewed by Plot user, Kyle VanWagner.","created_time":"2016-05-03T10:22:54+0000","id":"1005508159477071_1260346167326601"},{"full_picture":"https://external.xx.fbcdn.net/safe_image.php?d=AQB-BX6GtsAhTU37&url=fbstaging%3A%2F%2Fgraph.facebook.com%2Fstaging_resources%2FMDExMjU4NDU4MTY3NTE1NDAxOjE3NTU5NDE0Nzk%3D","message":"We also have a shiny new website — http://plotapp.io. Read all about the latest updates here: http://bit.ly/1VFjo3U  🎬","created_time":"2016-04-30T12:56:10+0000","id":"1005508159477071_1258458384182046"},{"full_picture":"https://external.xx.fbcdn.net/safe_image.php?d=AQDgXyPvCJW9ZT4g&url=http%3A%2F%2Fis1.mzstatic.com%2Fimage%2Fthumb%2FPurple69%2Fv4%2Fe0%2Fa5%2Fb2%2Fe0a5b28c-ed02-b4a8-2137-579fa75141af%2Fsource%2F1200x630bf.jpg","message":"Hey, guess what? The Plot app is now free in the app store ⚡  Download it here:","created_time":"2016-04-30T12:32:51+0000","id":"1005508159477071_1258448790849672"},{"full_picture":"https://external.xx.fbcdn.net/safe_image.php?d=AQAyXdBrhruhHp4c&url=http%3A%2F%2Fblog.plotapp.io%2Fcontent%2Fimages%2F2016%2F04%2Feye-in-the-sky-review-thumbnail.jpg","message":"A story on modern drone warfare, “Eye in the Sky”, gets 4 stars from Jack Smith.","created_time":"2016-04-26T15:38:02+0000","id":"1005508159477071_1255949177766300"},{"full_picture":"https://external.xx.fbcdn.net/safe_image.php?d=AQC_LVKGt0muLXPW&url=http%3A%2F%2Fblog.plotapp.io%2Fcontent%2Fimages%2F2016%2F04%2Four-little-sister-movie-review.jpg","message":"Our Little Sister gets 5 stars from Rory Lailvaux, on our blog.","created_time":"2016-04-25T16:22:26+0000","id":"1005508159477071_1255286721165879"},{"full_picture":"https://external.xx.fbcdn.net/safe_image.php?d=AQALhiitXsfsUq3x&url=https%3A%2F%2Figcdn-photos-f-a.akamaihd.net%2Fhphotos-ak-xaf1%2Ft51.2885-15%2Fs750x750%2Fsh0.08%2Fe35%2F12965289_254604308217085_1668968578_n.jpg%3Fig_cache_key%3DMTIyOTA5ODAxMzMzMTgyNDk2OQ%253D%253D.2","message":"\"The Jungle Book\" (2016) reviewed by Ash Ward, one of Plot's writers.","created_time":"2016-04-15T17:07:43+0000","id":"1005508159477071_1248845628476655"},{"full_picture":"https://external.xx.fbcdn.net/safe_image.php?d=AQCzgI09tS2g8JHz&url=http%3A%2F%2Fblog.plotapp.io%2Fcontent%2Fimages%2F2016%2F04%2Fdheepan-1.jpg","message":"For your Monday morning, Kym Ellis reviews the gripping and bleak \"Dheepan\". A fantastically realistic portrayal of refugee life. http://blog.plotapp.io/review-dheepan-2016/","created_time":"2016-04-11T09:26:32+0000","id":"1005508159477071_1246087558752462"},{"full_picture":"https://external.xx.fbcdn.net/safe_image.php?d=AQCyS6gpDjl9OyEF&url=https%3A%2F%2Fscontent-arn2-1.cdninstagram.com%2Ft51.2885-15%2Fs750x750%2Fsh0.08%2Fe35%2F12912614_257407324603227_1444261584_n.jpg%3Fig_cache_key%3DMTIyNTk1NDgwNTIyNzcyNTQ3MA%253D%253D.2","message":"Review of \"The Hateful Eight\" by Plot user Callum Chapman.","created_time":"2016-04-11T09:02:40+0000","id":"1005508159477071_1246079305419954"},{"full_picture":"https://external.xx.fbcdn.net/safe_image.php?d=AQANb_cKLM3PTdYa&url=https%3A%2F%2Fscontent.cdninstagram.com%2Ft51.2885-15%2Fs750x750%2Fsh0.08%2Fe35%2F12965861_1535416906759971_368425483_n.jpg%3Fig_cache_key%3DMTIyMjQ4NDU3OTYwNTU1MzI5Nw%253D%253D.2","message":"Review of \"The Perks of Being a Wallflower\" by Plot user Aaron Gilmore","created_time":"2016-04-06T17:16:48+0000","id":"1005508159477071_1243040209057197"},{"full_picture":"https://external.xx.fbcdn.net/safe_image.php?d=AQBwUG8Ujuo5FFq2&url=https%3A%2F%2Figcdn-photos-b-a.akamaihd.net%2Fhphotos-ak-xaf1%2Ft51.2885-15%2Fs750x750%2Fsh0.08%2Fe35%2F12917844_241556719526625_1659450516_n.jpg%3Fig_cache_key%3DMTIxODY5NjI4MTM3MjIzODcyMQ%253D%253D.2","message":"Review by Rob Turnbridge on \"Midnight Special\".","created_time":"2016-04-01T08:50:00+0000","id":"1005508159477071_1239220996105785"},{"full_picture":"https://scontent.xx.fbcdn.net/v/t1.0-9/12932834_1237818476246037_6559151835687577867_n.jpg?oh=70fe526e9696a7127d91bea17db36d0a&oe=584B84DB","object_id":"1237818476246037","message":"The Kingsman 2 Title And Plot Revealed. http://buff.ly/1MvUWPd","created_time":"2016-03-31T08:08:08+0000","id":"1005508159477071_1237818476246037"},{"full_picture":"https://external.xx.fbcdn.net/safe_image.php?d=AQAGgMLGDlgIGl2x&url=https%3A%2F%2Fscontent.xx.fbcdn.net%2Fhphotos-xtp1%2Fv%2Ft1.0-9%2F12717947_1236652593029292_269643348081955982_n.jpg%3Foh%3D0a609b6d1311f9d4650e0737e9f05ec4%26oe%3D5787505C","message":"Review: Hail, Caesar!, by Rory Lailvaux. http://blog.plotapp.io/hail-caesar-review-2016/","created_time":"2016-03-30T08:11:42+0000","id":"1005508159477071_1236652646362620"},{"full_picture":"https://scontent.xx.fbcdn.net/t31.0-8/s720x720/12916795_1236018373092714_4172713658640562016_o.jpg","object_id":"1236018373092714","message":"‘Suicide Squad’ International Trailer: Let’s Do Something Fun, Now with More Footage. http://buff.ly/1UpXNvY","created_time":"2016-03-29T18:25:07+0000","id":"1005508159477071_1236018373092714"},{"full_picture":"https://scontent.xx.fbcdn.net/t31.0-8/s720x720/12525119_1235497226478162_6521769171928628200_o.jpg","object_id":"1235497226478162","message":"'Spirited Away' Turns 13: 10 Things You Didn't Know About the Film. http://buff.ly/25stBDR","created_time":"2016-03-29T08:08:02+0000","id":"1005508159477071_1235497226478162"},{"full_picture":"https://external.xx.fbcdn.net/safe_image.php?d=AQCeQ7-_bno6Zrul&url=https%3A%2F%2Fscontent.cdninstagram.com%2Ft51.2885-15%2Fs750x750%2Fsh0.08%2Fe35%2F12446293_444625042398729_1424855325_n.jpg%3Fig_cache_key%3DMTIxNTk4ODU3ODgxNjM2OTA3Ng%253D%253D.2","message":"Review by Plot contributor Kym on \"He Named Me Malala\"","created_time":"2016-03-28T15:05:16+0000","id":"1005508159477071_1234632649897953"},{"full_picture":"https://scontent.xx.fbcdn.net/v/t1.0-9/12321400_1228451663849385_4756346601912646053_n.jpg?oh=64168d910aef8c893adb7cf9a3c6bedb&oe=5843DE50","object_id":"1228451663849385","message":"Disney Expects $75 Million Loss on ‘The Finest Hours’. http://buff.ly/1LTJ9dg","created_time":"2016-03-23T10:06:15+0000","id":"1005508159477071_1228451663849385"},{"full_picture":"https://scontent.xx.fbcdn.net/v/t1.0-9/10356185_1220395334655018_4068754079845198255_n.jpg?oh=c2500b803613ada1d48416f7b79c00d5&oe=58401673","object_id":"1220395334655018","message":"Matthew McConaughey’s ‘Free State of Jones’ Release Pushed to June. http://buff.ly/1LTIx7y","created_time":"2016-03-14T11:10:14+0000","id":"1005508159477071_1220395334655018"},{"full_picture":"https://scontent.xx.fbcdn.net/v/t1.0-9/12814245_1219025364792015_5304773438902309503_n.jpg?oh=dcc902f97dcaa64fe0e07931745a7e7a&oe=5851F3D7","object_id":"1219025364792015","message":"10 Cloverfield Lane review – monster 'sequel' is more Hitchcock than Xbox. http://buff.ly/1pamNK1","created_time":"2016-03-12T15:10:23+0000","id":"1005508159477071_1219025364792015"},{"full_picture":"https://external.xx.fbcdn.net/safe_image.php?d=AQDMbOVPFN_fc-6S&url=https%3A%2F%2Fscontent-ams3-1.xx.fbcdn.net%2Fhphotos-xfa1%2Fv%2Ft1.0-9%2F10464235_1218290661532152_7426623313332432873_n.png%3Foh%3D93b7019f7180fc4d56feaf586b3842d7%26oe%3D57577944","message":"Bringing in the weekend with a (mixed) review of The Witch, from Brad Hanson. http://blog.plotapp.io/the-witch-review-2015/","created_time":"2016-03-11T15:28:59+0000","id":"1005508159477071_1218290721532146"},{"full_picture":"https://scontent.xx.fbcdn.net/v/t1.0-9/12795441_1218134914881060_1758100690141277366_n.jpg?oh=08698eaf90300cb8f6fb65eee4f98eff&oe=584313B0","object_id":"1218134914881060","message":"Sacha Baron Cohen: I quit Freddie Mercury biopic after dispute with Queen. http://buff.ly/1QGwBVJ","created_time":"2016-03-11T10:05:19+0000","id":"1005508159477071_1218134914881060"},{"full_picture":"https://scontent.xx.fbcdn.net/v/t1.0-9/s720x720/12821391_1217008651660353_4728492041289060026_n.jpg?oh=064fc15626851881db5e7896c7661099&oe=58484EB4","object_id":"1217008651660353","message":"Check it out, there's two new collections in the Plot app: Korean cinema and the works of Studio Ghibli.","created_time":"2016-03-09T14:21:20+0000","id":"1005508159477071_1217008651660353"},{"full_picture":"https://scontent.xx.fbcdn.net/v/t1.0-9/12809638_1215675945126957_6828320265828634137_n.jpg?oh=a2603121b599a26c14cb18d1b07b8cf1&oe=58474C51","object_id":"1215675945126957","message":"Joseph Gordon-Levitt May Star In KKK Film 'K Troop'. http://blogs.indiewire.com/theplaylist/joseph-gordon-levitt-may-star-in-kkk-film-k-troop-20160303","created_time":"2016-03-07T11:06:06+0000","id":"1005508159477071_1215675945126957"},{"full_picture":"https://scontent.xx.fbcdn.net/v/t1.0-9/12814476_1214269325267619_387100750935031745_n.jpg?oh=0b72431b658bfc4d129619f1a7f413f2&oe=58455061","object_id":"1214269325267619","message":"Christian Bale on His Batman Portrayal: ‘I Didn’t Quite Nail It’. http://variety.com/2016/film/news/christian-bale-batman-dark-knight-didnt-quite-nail-it-1201722269/","created_time":"2016-03-05T11:00:14+0000","id":"1005508159477071_1214269325267619"}],"picture":{"is_silhouette":false,"url":"https://scontent.xx.fbcdn.net/v/t1.0-1/p200x200/11046646_1005509482810272_186990876751164573_n.png?oh=a69ae20cb3191eeab8d6067d3d0c80a1&oe=584F0227"},"events":[],"call_to_actions":[{"web_url":"https://itunes.apple.com/gb/app/plot-discover-track-movies/id922985808","type":"OPEN_APP","status":"ACTIVE","web_destination_type":"WEBSITE","id":"1005510546143499"}]}