{
    "id": "1424554714499646",
    "name": "Junkyard Nottingham",
    "about": "Bottle Shop & Pour House. The laid back feel of a North California bar and eatery meets specialist craft drinks store.",
    "cover": {
        "cover_id": "1740717262883388",
        "offset_x": 0,
        "offset_y": 19,
        "source": "https://scontent.xx.fbcdn.net/v/t31.0-8/s720x720/13668753_1740717262883388_1765137260067758117_o.jpg?oh=d24ead029ea9f3bc041d924b5a5386f5&oe=58F773C6",
        "id": "1740717262883388"
    },
    "category": "Bar",
    "hours": {
        "mon_1_open": "10:00",
        "mon_1_close": "01:00",
        "tue_1_open": "10:00",
        "tue_1_close": "01:00",
        "wed_1_open": "10:00",
        "wed_1_close": "01:00",
        "thu_1_open": "10:00",
        "thu_1_close": "01:00",
        "fri_1_open": "10:00",
        "fri_1_close": "01:00",
        "sat_1_open": "10:00",
        "sat_1_close": "01:00",
        "sun_1_open": "11:00",
        "sun_1_close": "01:00"
    },
    "link": "https://www.facebook.com/junkyardnottingham/",
    "location": {
        "city": "Nottingham",
        "country": "United Kingdom",
        "latitude": 52.9526899,
        "longitude": -1.1464,
        "street": "12 Bridlesmith Walk",
        "zip": "NG1 2HB"
    },
    "phone": "0115 950 1758",
    "emails": [
        "info@junkbars.com"
    ],
    "photos": [
        {
            "images": [
                {
                    "height": 2048,
                    "source": "https://scontent.xx.fbcdn.net/v/t31.0-8/15585449_1808047042817076_629265335994773467_o.jpg?oh=18109278946b7304e62b930dada840e8&oe=58F05887",
                    "width": 1536
                },
                {
                    "height": 1280,
                    "source": "https://scontent.xx.fbcdn.net/v/t31.0-8/p960x960/15585449_1808047042817076_629265335994773467_o.jpg?oh=aaf8805222412d8181d0d937de3570f3&oe=58E727A0",
                    "width": 960
                },
                {
                    "height": 960,
                    "source": "https://scontent.xx.fbcdn.net/v/t1.0-9/15349753_1808047042817076_629265335994773467_n.jpg?oh=34aab52895241076da6d62ea300775fc&oe=58F0E5B2",
                    "width": 720
                },
                {
                    "height": 800,
                    "source": "https://scontent.xx.fbcdn.net/v/t31.0-0/p600x600/15585449_1808047042817076_629265335994773467_o.jpg?oh=29bee19e8e6fa5c971e39b9585addf99&oe=58DEBE14",
                    "width": 600
                },
                {
                    "height": 640,
                    "source": "https://scontent.xx.fbcdn.net/v/t1.0-0/p480x480/15349753_1808047042817076_629265335994773467_n.jpg?oh=ceb12b35ec68ad6223ef5b9485c54c26&oe=58E4D109",
                    "width": 480
                },
                {
                    "height": 426,
                    "source": "https://scontent.xx.fbcdn.net/v/t1.0-0/p320x320/15349753_1808047042817076_629265335994773467_n.jpg?oh=191a5625e23c30d6f947d4beb3fa3548&oe=58B15053",
                    "width": 320
                },
                {
                    "height": 540,
                    "source": "https://scontent.xx.fbcdn.net/v/t1.0-0/p180x540/15349753_1808047042817076_629265335994773467_n.jpg?oh=6ef58f3a3cdf64f80cf93fbf74dfacec&oe=58F8D0EE",
                    "width": 405
                },
                {
                    "height": 173,
                    "source": "https://scontent.xx.fbcdn.net/v/t1.0-0/p130x130/15349753_1808047042817076_629265335994773467_n.jpg?oh=ad025a40e8ca5a8c9855fc71167ad901&oe=58E4253C",
                    "width": 130
                },
                {
                    "height": 225,
                    "source": "https://scontent.xx.fbcdn.net/v/t1.0-0/p75x225/15349753_1808047042817076_629265335994773467_n.jpg?oh=3b592814a7d30f5450ae8fe624677d65&oe=58E99648",
                    "width": 168
                }
            ],
            "album": {
                "created_time": "2014-09-12T19:27:04+0000",
                "name": "Mobile Uploads",
                "id": "1461309800824137"
            },
            "id": "1808047042817076"
        },
        {
            "images": [
                {
                    "height": 2048,
                    "source": "https://scontent.xx.fbcdn.net/v/t31.0-8/15418296_1808046922817088_8588694878590579444_o.jpg?oh=6617eeec88175ddad1bb272d5a5ecd21&oe=58F5298C",
                    "width": 1536
                },
                {
                    "height": 1280,
                    "source": "https://scontent.xx.fbcdn.net/v/t31.0-8/p960x960/15418296_1808046922817088_8588694878590579444_o.jpg?oh=5df0fdf1d0c06d77944e1ad1ba393c94&oe=58F07A59",
                    "width": 960
                },
                {
                    "height": 960,
                    "source": "https://scontent.xx.fbcdn.net/v/t1.0-9/15542437_1808046922817088_8588694878590579444_n.jpg?oh=8b35574ba068172feaa41a8441659381&oe=58AF6B21",
                    "width": 720
                },
                {
                    "height": 800,
                    "source": "https://scontent.xx.fbcdn.net/v/t31.0-0/p600x600/15418296_1808046922817088_8588694878590579444_o.jpg?oh=372a3482be350b19d2962eb65a9934e0&oe=58E3A1AC",
                    "width": 600
                },
                {
                    "height": 640,
                    "source": "https://scontent.xx.fbcdn.net/v/t1.0-0/p480x480/15542437_1808046922817088_8588694878590579444_n.jpg?oh=d455d7eb73c05998abae0d83bf2709cf&oe=58F0003A",
                    "width": 480
                },
                {
                    "height": 426,
                    "source": "https://scontent.xx.fbcdn.net/v/t1.0-0/p320x320/15542437_1808046922817088_8588694878590579444_n.jpg?oh=b48f65806196cd4a8c96e767c30c1faa&oe=58F7467D",
                    "width": 320
                },
                {
                    "height": 540,
                    "source": "https://scontent.xx.fbcdn.net/v/t1.0-0/p180x540/15542437_1808046922817088_8588694878590579444_n.jpg?oh=c326044fae6c795f82d4289807b90d65&oe=58E8FE36",
                    "width": 405
                },
                {
                    "height": 173,
                    "source": "https://scontent.xx.fbcdn.net/v/t1.0-0/p130x130/15542437_1808046922817088_8588694878590579444_n.jpg?oh=6beab67e030903de2609cf923e44cc6c&oe=58DD079A",
                    "width": 130
                },
                {
                    "height": 225,
                    "source": "https://scontent.xx.fbcdn.net/v/t1.0-0/p75x225/15542437_1808046922817088_8588694878590579444_n.jpg?oh=ab91f163df8bd60ae2c498a91fd195ff&oe=58F8782D",
                    "width": 168
                }
            ],
            "album": {
                "created_time": "2014-09-12T19:27:04+0000",
                "name": "Mobile Uploads",
                "id": "1461309800824137"
            },
            "id": "1808046922817088"
        },
        {
            "images": [
                {
                    "height": 2048,
                    "source": "https://scontent.xx.fbcdn.net/v/t31.0-8/15493800_1808046102817170_2259790891464512273_o.jpg?oh=ceecb7bad8deb02e9ce58881c49da3d4&oe=58EDA41C",
                    "width": 1536
                },
                {
                    "height": 1280,
                    "source": "https://scontent.xx.fbcdn.net/v/t31.0-8/p960x960/15493800_1808046102817170_2259790891464512273_o.jpg?oh=63298903d093da17939cf14d7e945304&oe=58DBACC9",
                    "width": 960
                },
                {
                    "height": 960,
                    "source": "https://scontent.xx.fbcdn.net/v/t1.0-9/15541958_1808046102817170_2259790891464512273_n.jpg?oh=ddcaa8962c0b5b222b22e4a75c8c535c&oe=58F73BF0",
                    "width": 720
                },
                {
                    "height": 800,
                    "source": "https://scontent.xx.fbcdn.net/v/t31.0-0/p600x600/15493800_1808046102817170_2259790891464512273_o.jpg?oh=ffb4db3af0add272fb60584d0105a793&oe=58E9673C",
                    "width": 600
                },
                {
                    "height": 640,
                    "source": "https://scontent.xx.fbcdn.net/v/t1.0-0/p480x480/15541958_1808046102817170_2259790891464512273_n.jpg?oh=f47323486eb17fcc07c480ae2a7d4a15&oe=58EF39EB",
                    "width": 480
                },
                {
                    "height": 426,
                    "source": "https://scontent.xx.fbcdn.net/v/t1.0-0/p320x320/15541958_1808046102817170_2259790891464512273_n.jpg?oh=959978405e3a18eae9e3e45239287549&oe=58DE0AAC",
                    "width": 320
                },
                {
                    "height": 540,
                    "source": "https://scontent.xx.fbcdn.net/v/t1.0-0/p180x540/15541958_1808046102817170_2259790891464512273_n.jpg?oh=d9baf2217fb13dc37e5ffe83134275b7&oe=58AEBBE7",
                    "width": 405
                },
                {
                    "height": 173,
                    "source": "https://scontent.xx.fbcdn.net/v/t1.0-0/p130x130/15541958_1808046102817170_2259790891464512273_n.jpg?oh=d81f223a8c55459f365659bcb56f230c&oe=58F6234B",
                    "width": 130
                },
                {
                    "height": 225,
                    "source": "https://scontent.xx.fbcdn.net/v/t1.0-0/p75x225/15541958_1808046102817170_2259790891464512273_n.jpg?oh=333672267e199339a6b3e37fec9070e5&oe=58F7B5FC",
                    "width": 168
                }
            ],
            "album": {
                "created_time": "2014-09-12T19:27:04+0000",
                "name": "Mobile Uploads",
                "id": "1461309800824137"
            },
            "id": "1808046102817170"
        },
        {
            "images": [
                {
                    "height": 2048,
                    "source": "https://scontent.xx.fbcdn.net/v/t31.0-8/15591240_1808046072817173_8689372679459782713_o.jpg?oh=c43489d35bb6ce4445120eb12034272a&oe=58ED475D",
                    "width": 1536
                },
                {
                    "height": 1280,
                    "source": "https://scontent.xx.fbcdn.net/v/t31.0-8/p960x960/15591240_1808046072817173_8689372679459782713_o.jpg?oh=f0413549a072875a263db4bfb76d673d&oe=58E5B888",
                    "width": 960
                },
                {
                    "height": 960,
                    "source": "https://scontent.xx.fbcdn.net/v/t1.0-9/15590270_1808046072817173_8689372679459782713_n.jpg?oh=38412c95362ded884c92454f6d7a7310&oe=58EC33E8",
                    "width": 720
                },
                {
                    "height": 800,
                    "source": "https://scontent.xx.fbcdn.net/v/t31.0-0/p600x600/15591240_1808046072817173_8689372679459782713_o.jpg?oh=24f838b3cb81c67cefadf52bb217264f&oe=58FBE17D",
                    "width": 600
                },
                {
                    "height": 640,
                    "source": "https://scontent.xx.fbcdn.net/v/t1.0-0/p480x480/15590270_1808046072817173_8689372679459782713_n.jpg?oh=33c027f35cfc37ecfcedfcab96f2e03b&oe=58F974F3",
                    "width": 480
                },
                {
                    "height": 426,
                    "source": "https://scontent.xx.fbcdn.net/v/t1.0-0/p320x320/15590270_1808046072817173_8689372679459782713_n.jpg?oh=59f29e6ac02b60fa790c4efb80dc18c1&oe=58E68BB4",
                    "width": 320
                },
                {
                    "height": 540,
                    "source": "https://scontent.xx.fbcdn.net/v/t1.0-0/p180x540/15590270_1808046072817173_8689372679459782713_n.jpg?oh=84b892633ec2f2d5500c269f537b91c9&oe=58E3BFFF",
                    "width": 405
                },
                {
                    "height": 173,
                    "source": "https://scontent.xx.fbcdn.net/v/t1.0-0/p130x130/15590270_1808046072817173_8689372679459782713_n.jpg?oh=38e4809c9ef0f98bb03e2a4e253074f8&oe=58E7BA53",
                    "width": 130
                },
                {
                    "height": 225,
                    "source": "https://scontent.xx.fbcdn.net/v/t1.0-0/p75x225/15590270_1808046072817173_8689372679459782713_n.jpg?oh=248d55521d9d8cb02f4bf77547853616&oe=58DC4CE4",
                    "width": 168
                }
            ],
            "album": {
                "created_time": "2014-09-12T19:27:04+0000",
                "name": "Mobile Uploads",
                "id": "1461309800824137"
            },
            "id": "1808046072817173"
        },
        {
            "images": [
                {
                    "height": 2048,
                    "source": "https://scontent.xx.fbcdn.net/v/t31.0-8/15590814_1808045979483849_2530367603645891927_o.jpg?oh=110741b47acd2bc6ec4beca5fe1796e2&oe=58F09E2C",
                    "width": 1536
                },
                {
                    "height": 1280,
                    "source": "https://scontent.xx.fbcdn.net/v/t31.0-8/p960x960/15590814_1808045979483849_2530367603645891927_o.jpg?oh=c1021ea11254d8192221556f7e80cb48&oe=58AE3DF9",
                    "width": 960
                },
                {
                    "height": 960,
                    "source": "https://scontent.xx.fbcdn.net/v/t1.0-9/15442329_1808045979483849_2530367603645891927_n.jpg?oh=b0f93ef7454be2bc5583c90a611b7d00&oe=58EDC23C",
                    "width": 720
                },
                {
                    "height": 800,
                    "source": "https://scontent.xx.fbcdn.net/v/t31.0-0/p600x600/15590814_1808045979483849_2530367603645891927_o.jpg?oh=150863c626bf8c73f8560c14a8a82c3e&oe=58F1AE0C",
                    "width": 600
                },
                {
                    "height": 640,
                    "source": "https://scontent.xx.fbcdn.net/v/t1.0-0/p480x480/15442329_1808045979483849_2530367603645891927_n.jpg?oh=736fba9e5f79fbb538d4177361b63be9&oe=58E88027",
                    "width": 480
                },
                {
                    "height": 426,
                    "source": "https://scontent.xx.fbcdn.net/v/t1.0-0/p320x320/15442329_1808045979483849_2530367603645891927_n.jpg?oh=18eed06ce022c2f2fdff2c298e7e6336&oe=58F6BE60",
                    "width": 320
                },
                {
                    "height": 540,
                    "source": "https://scontent.xx.fbcdn.net/v/t1.0-0/p180x540/15442329_1808045979483849_2530367603645891927_n.jpg?oh=d830572b7902348bef1e31474427de1c&oe=58FAB62B",
                    "width": 405
                },
                {
                    "height": 173,
                    "source": "https://scontent.xx.fbcdn.net/v/t1.0-0/p130x130/15442329_1808045979483849_2530367603645891927_n.jpg?oh=66e430dfb4b57dcb58e75c84db1abe9d&oe=58B02287",
                    "width": 130
                },
                {
                    "height": 225,
                    "source": "https://scontent.xx.fbcdn.net/v/t1.0-0/p75x225/15442329_1808045979483849_2530367603645891927_n.jpg?oh=47fc6dc28982ffdfacfc2fa6a3d086e6&oe=58DDDB30",
                    "width": 168
                }
            ],
            "album": {
                "created_time": "2014-09-12T19:27:04+0000",
                "name": "Mobile Uploads",
                "id": "1461309800824137"
            },
            "id": "1808045979483849"
        },
        {
            "images": [
                {
                    "height": 2048,
                    "source": "https://scontent.xx.fbcdn.net/v/t31.0-8/15443155_1808044852817295_5532484439307722730_o.jpg?oh=ff7c800a8207cba8b1ae4ef4d90e9766&oe=58F3BE21",
                    "width": 1536
                },
                {
                    "height": 1280,
                    "source": "https://scontent.xx.fbcdn.net/v/t31.0-8/p960x960/15443155_1808044852817295_5532484439307722730_o.jpg?oh=7f694596001c68bb0f6961babba9bb4c&oe=58F95FF4",
                    "width": 960
                },
                {
                    "height": 960,
                    "source": "https://scontent.xx.fbcdn.net/v/t1.0-9/15442243_1808044852817295_5532484439307722730_n.jpg?oh=723fec28d28d693b5e9e9ee3344fded3&oe=58DC23B4",
                    "width": 720
                },
                {
                    "height": 800,
                    "source": "https://scontent.xx.fbcdn.net/v/t31.0-0/p600x600/15443155_1808044852817295_5532484439307722730_o.jpg?oh=c01cbdab8b23a6715675f9d6381ebbf1&oe=58E52701",
                    "width": 600
                },
                {
                    "height": 640,
                    "source": "https://scontent.xx.fbcdn.net/v/t1.0-0/p480x480/15442243_1808044852817295_5532484439307722730_n.jpg?oh=27a0526d36c2e7ce4dacc813eb12cc9b&oe=58E9B1AF",
                    "width": 480
                },
                {
                    "height": 426,
                    "source": "https://scontent.xx.fbcdn.net/v/t1.0-0/p320x320/15442243_1808044852817295_5532484439307722730_n.jpg?oh=0969802c5445d75a9f475d4a64a9eb90&oe=58E016E8",
                    "width": 320
                },
                {
                    "height": 540,
                    "source": "https://scontent.xx.fbcdn.net/v/t1.0-0/p180x540/15442243_1808044852817295_5532484439307722730_n.jpg?oh=c6222760c925d1505986a41c749a34a1&oe=58F81BA3",
                    "width": 405
                },
                {
                    "height": 173,
                    "source": "https://scontent.xx.fbcdn.net/v/t1.0-0/p130x130/15442243_1808044852817295_5532484439307722730_n.jpg?oh=063234ca850b4b8078ef8fccbb32f523&oe=58EE370F",
                    "width": 130
                },
                {
                    "height": 225,
                    "source": "https://scontent.xx.fbcdn.net/v/t1.0-0/p75x225/15442243_1808044852817295_5532484439307722730_n.jpg?oh=fd32a68d81fa736943444b80d275d309&oe=58F416B8",
                    "width": 168
                }
            ],
            "album": {
                "created_time": "2014-09-12T19:27:04+0000",
                "name": "Mobile Uploads",
                "id": "1461309800824137"
            },
            "id": "1808044852817295"
        },
        {
            "images": [
                {
                    "height": 2048,
                    "source": "https://scontent.xx.fbcdn.net/v/t31.0-8/15493331_1808044842817296_994443516073642338_o.jpg?oh=96f85616bc96f91b9f30d85624f6286b&oe=58E77F81",
                    "width": 1536
                },
                {
                    "height": 1280,
                    "source": "https://scontent.xx.fbcdn.net/v/t31.0-8/p960x960/15493331_1808044842817296_994443516073642338_o.jpg?oh=e6421eca0cf41f1e6d8e8ea286dbcfa3&oe=58EA81A6",
                    "width": 960
                },
                {
                    "height": 960,
                    "source": "https://scontent.xx.fbcdn.net/v/t1.0-9/15541613_1808044842817296_994443516073642338_n.jpg?oh=924a8d7aac7389d1e2be77ab70ef45e6&oe=58AF9263",
                    "width": 720
                },
                {
                    "height": 800,
                    "source": "https://scontent.xx.fbcdn.net/v/t31.0-0/p600x600/15493331_1808044842817296_994443516073642338_o.jpg?oh=6f0e9c87a8f81cf75e4f6e8bc86e15b7&oe=58E69B12",
                    "width": 600
                },
                {
                    "height": 640,
                    "source": "https://scontent.xx.fbcdn.net/v/t1.0-0/p480x480/15541613_1808044842817296_994443516073642338_n.jpg?oh=952199c261a7ef7d7d458b53374571d6&oe=58FA20D8",
                    "width": 480
                },
                {
                    "height": 426,
                    "source": "https://scontent.xx.fbcdn.net/v/t1.0-0/p320x320/15541613_1808044842817296_994443516073642338_n.jpg?oh=377305f90a94c3dab76ce88a18ff1edf&oe=58EA6882",
                    "width": 320
                },
                {
                    "height": 540,
                    "source": "https://scontent.xx.fbcdn.net/v/t1.0-0/p180x540/15541613_1808044842817296_994443516073642338_n.jpg?oh=591239f7171a94911050f369378e1817&oe=58B1563F",
                    "width": 405
                },
                {
                    "height": 173,
                    "source": "https://scontent.xx.fbcdn.net/v/t1.0-0/p130x130/15541613_1808044842817296_994443516073642338_n.jpg?oh=47c431939642b21e79a82dcbd5727403&oe=58ED1DED",
                    "width": 130
                },
                {
                    "height": 225,
                    "source": "https://scontent.xx.fbcdn.net/v/t1.0-0/p75x225/15541613_1808044842817296_994443516073642338_n.jpg?oh=e8229ecb9202309d6d1fc37e437b0f8a&oe=58F98E99",
                    "width": 168
                }
            ],
            "album": {
                "created_time": "2014-09-12T19:27:04+0000",
                "name": "Mobile Uploads",
                "id": "1461309800824137"
            },
            "id": "1808044842817296"
        },
        {
            "images": [
                {
                    "height": 2048,
                    "source": "https://scontent.xx.fbcdn.net/v/t31.0-8/15585165_1808044762817304_3497960111489025461_o.jpg?oh=798e73f615243aca277e4d8595b30966&oe=58E17B55",
                    "width": 1536
                },
                {
                    "height": 1280,
                    "source": "https://scontent.xx.fbcdn.net/v/t31.0-8/p960x960/15585165_1808044762817304_3497960111489025461_o.jpg?oh=0b01cea7a214dced7761869990e95239&oe=58E71180",
                    "width": 960
                },
                {
                    "height": 960,
                    "source": "https://scontent.xx.fbcdn.net/v/t1.0-9/15400933_1808044762817304_3497960111489025461_n.jpg?oh=ff697eaece3392232b84f18d2088d620&oe=58F4B7FB",
                    "width": 720
                },
                {
                    "height": 800,
                    "source": "https://scontent.xx.fbcdn.net/v/t31.0-0/p600x600/15585165_1808044762817304_3497960111489025461_o.jpg?oh=16251fbc25eb22885b1bc3a74f1eb93a&oe=58DDB575",
                    "width": 600
                },
                {
                    "height": 640,
                    "source": "https://scontent.xx.fbcdn.net/v/t1.0-0/p480x480/15400933_1808044762817304_3497960111489025461_n.jpg?oh=281d576ae65ef0a10ace0850c8e38fe2&oe=58DFCBE0",
                    "width": 480
                },
                {
                    "height": 426,
                    "source": "https://scontent.xx.fbcdn.net/v/t1.0-0/p320x320/15400933_1808044762817304_3497960111489025461_n.jpg?oh=75e2aadf140d52ed6672ebc1cc223fab&oe=58EC72A7",
                    "width": 320
                },
                {
                    "height": 540,
                    "source": "https://scontent.xx.fbcdn.net/v/t1.0-0/p180x540/15400933_1808044762817304_3497960111489025461_n.jpg?oh=850d4fc07a91e1642ef9eb4345bf47f7&oe=58FC8EEC",
                    "width": 405
                },
                {
                    "height": 173,
                    "source": "https://scontent.xx.fbcdn.net/v/t1.0-0/p130x130/15400933_1808044762817304_3497960111489025461_n.jpg?oh=25ac03c885485773c1355d84d69881e8&oe=58E63B40",
                    "width": 130
                },
                {
                    "height": 225,
                    "source": "https://scontent.xx.fbcdn.net/v/t1.0-0/p75x225/15400933_1808044762817304_3497960111489025461_n.jpg?oh=a6c6be4b4f7ac320b89dde43d6fbd519&oe=58FAF5F7",
                    "width": 168
                }
            ],
            "album": {
                "created_time": "2014-09-12T19:27:04+0000",
                "name": "Mobile Uploads",
                "id": "1461309800824137"
            },
            "id": "1808044762817304"
        },
        {
            "images": [
                {
                    "height": 2048,
                    "source": "https://scontent.xx.fbcdn.net/v/t31.0-8/15440571_1808044656150648_3616919702109497447_o.jpg?oh=bb23673fcdb1406cde723bdd329fa8d2&oe=58F82413",
                    "width": 1536
                },
                {
                    "height": 1280,
                    "source": "https://scontent.xx.fbcdn.net/v/t31.0-8/p960x960/15440571_1808044656150648_3616919702109497447_o.jpg?oh=cbff655e34882a75e430cf8c5b31d93a&oe=58EC2FC6",
                    "width": 960
                },
                {
                    "height": 960,
                    "source": "https://scontent.xx.fbcdn.net/v/t1.0-9/15541428_1808044656150648_3616919702109497447_n.jpg?oh=00eac3921e4da7ad2260bb65db2cc801&oe=58E1C53F",
                    "width": 720
                },
                {
                    "height": 800,
                    "source": "https://scontent.xx.fbcdn.net/v/t31.0-0/p600x600/15440571_1808044656150648_3616919702109497447_o.jpg?oh=4b06da4dada6bc1bf8a589a54e9f7796&oe=58EF9F33",
                    "width": 600
                },
                {
                    "height": 640,
                    "source": "https://scontent.xx.fbcdn.net/v/t1.0-0/p480x480/15541428_1808044656150648_3616919702109497447_n.jpg?oh=908c999385fd5710b321a5a0612672f8&oe=58B22624",
                    "width": 480
                },
                {
                    "height": 426,
                    "source": "https://scontent.xx.fbcdn.net/v/t1.0-0/p320x320/15541428_1808044656150648_3616919702109497447_n.jpg?oh=fc16d0731531c5404150bd07f9c8e04d&oe=58F38863",
                    "width": 320
                },
                {
                    "height": 540,
                    "source": "https://scontent.xx.fbcdn.net/v/t1.0-0/p180x540/15541428_1808044656150648_3616919702109497447_n.jpg?oh=8b3b10ab721eda8b1868947b2a63dbe6&oe=58EC2928",
                    "width": 405
                },
                {
                    "height": 173,
                    "source": "https://scontent.xx.fbcdn.net/v/t1.0-0/p130x130/15541428_1808044656150648_3616919702109497447_n.jpg?oh=3b18b02892eb3b1ddaaf832497517d33&oe=58E4FF84",
                    "width": 130
                },
                {
                    "height": 225,
                    "source": "https://scontent.xx.fbcdn.net/v/t1.0-0/p75x225/15541428_1808044656150648_3616919702109497447_n.jpg?oh=fec923b483f82ebfc19db18d5638818b&oe=58E22F33",
                    "width": 168
                }
            ],
            "album": {
                "created_time": "2014-09-12T19:27:04+0000",
                "name": "Mobile Uploads",
                "id": "1461309800824137"
            },
            "id": "1808044656150648"
        },
        {
            "images": [
                {
                    "height": 2048,
                    "source": "https://scontent.xx.fbcdn.net/v/t31.0-8/15585445_1808044622817318_2190212284253778223_o.jpg?oh=60580d61f02d948349fd43fef61dfd91&oe=58B2F013",
                    "width": 1536
                },
                {
                    "height": 1280,
                    "source": "https://scontent.xx.fbcdn.net/v/t31.0-8/p960x960/15585445_1808044622817318_2190212284253778223_o.jpg?oh=723d4b0ac4f13ae0b9fd0928478ce420&oe=58EF44C6",
                    "width": 960
                },
                {
                    "height": 960,
                    "source": "https://scontent.xx.fbcdn.net/v/t1.0-9/15420937_1808044622817318_2190212284253778223_n.jpg?oh=2079376f6d6a8f09f78482f40157590a&oe=58B07BCA",
                    "width": 720
                },
                {
                    "height": 800,
                    "source": "https://scontent.xx.fbcdn.net/v/t31.0-0/p600x600/15585445_1808044622817318_2190212284253778223_o.jpg?oh=b22cba8a584d5fee7dd49d56ceee7391&oe=58B0C533",
                    "width": 600
                },
                {
                    "height": 640,
                    "source": "https://scontent.xx.fbcdn.net/v/t1.0-0/p480x480/15420937_1808044622817318_2190212284253778223_n.jpg?oh=4f1a20480a84327299b2b37fcbdad019&oe=58AE73D1",
                    "width": 480
                },
                {
                    "height": 426,
                    "source": "https://scontent.xx.fbcdn.net/v/t1.0-0/p320x320/15420937_1808044622817318_2190212284253778223_n.jpg?oh=bb8a9a5d383866fdfb3b2b86fc47b323&oe=58F14996",
                    "width": 320
                },
                {
                    "height": 540,
                    "source": "https://scontent.xx.fbcdn.net/v/t1.0-0/p180x540/15420937_1808044622817318_2190212284253778223_n.jpg?oh=1ac296e8e4f81763b5cae7148fc45c01&oe=58B274DD",
                    "width": 405
                },
                {
                    "height": 173,
                    "source": "https://scontent.xx.fbcdn.net/v/t1.0-0/p130x130/15420937_1808044622817318_2190212284253778223_n.jpg?oh=fd9db612ec6cc050a329c15120a6aa96&oe=58DD0471",
                    "width": 130
                },
                {
                    "height": 225,
                    "source": "https://scontent.xx.fbcdn.net/v/t1.0-0/p75x225/15420937_1808044622817318_2190212284253778223_n.jpg?oh=3b5d0af269ae441af846beb20ecfcf7c&oe=58E263C6",
                    "width": 168
                }
            ],
            "album": {
                "created_time": "2014-09-12T19:27:04+0000",
                "name": "Mobile Uploads",
                "id": "1461309800824137"
            },
            "id": "1808044622817318"
        },
        {
            "images": [
                {
                    "height": 2048,
                    "source": "https://scontent.xx.fbcdn.net/v/t31.0-8/15493293_1808044452817335_2137822100551885182_o.jpg?oh=f50a122266b4dce19fffe04071bcddba&oe=58B1F881",
                    "width": 1536
                },
                {
                    "height": 1280,
                    "source": "https://scontent.xx.fbcdn.net/v/t31.0-8/p960x960/15493293_1808044452817335_2137822100551885182_o.jpg?oh=d6ca387cee594e06a84d1383a9f1a703&oe=58DCC454",
                    "width": 960
                },
                {
                    "height": 960,
                    "source": "https://scontent.xx.fbcdn.net/v/t1.0-9/15541985_1808044452817335_2137822100551885182_n.jpg?oh=ed7f686a7375ebb2c807bbcd9640402e&oe=58DC4CBF",
                    "width": 720
                },
                {
                    "height": 800,
                    "source": "https://scontent.xx.fbcdn.net/v/t31.0-0/p600x600/15493293_1808044452817335_2137822100551885182_o.jpg?oh=250d19daf87b53d7f43590cc2dbed8ca&oe=58F9C8A1",
                    "width": 600
                },
                {
                    "height": 640,
                    "source": "https://scontent.xx.fbcdn.net/v/t1.0-0/p480x480/15541985_1808044452817335_2137822100551885182_n.jpg?oh=1746ad96cadc16da2bb0c794020003d9&oe=58E7C3A4",
                    "width": 480
                },
                {
                    "height": 426,
                    "source": "https://scontent.xx.fbcdn.net/v/t1.0-0/p320x320/15541985_1808044452817335_2137822100551885182_n.jpg?oh=747c6e06755f46065120c3af9c9fde9b&oe=58DFAAE3",
                    "width": 320
                },
                {
                    "height": 540,
                    "source": "https://scontent.xx.fbcdn.net/v/t1.0-0/p180x540/15541985_1808044452817335_2137822100551885182_n.jpg?oh=2a676e7d94efb5369e59a5f8c8560273&oe=58EE52A8",
                    "width": 405
                },
                {
                    "height": 173,
                    "source": "https://scontent.xx.fbcdn.net/v/t1.0-0/p130x130/15541985_1808044452817335_2137822100551885182_n.jpg?oh=35d4e3cd3d442dcd54210fab2006de8d&oe=58F46304",
                    "width": 130
                },
                {
                    "height": 225,
                    "source": "https://scontent.xx.fbcdn.net/v/t1.0-0/p75x225/15541985_1808044452817335_2137822100551885182_n.jpg?oh=e88b69fa7a8eb70d2ccb676e6fa6bad3&oe=58F224B3",
                    "width": 168
                }
            ],
            "album": {
                "created_time": "2014-09-12T19:27:04+0000",
                "name": "Mobile Uploads",
                "id": "1461309800824137"
            },
            "id": "1808044452817335"
        },
        {
            "images": [
                {
                    "height": 2048,
                    "source": "https://scontent.xx.fbcdn.net/v/t31.0-8/15493696_1808044416150672_5819719645072801315_o.jpg?oh=8d4cc7fa491d4ce4146511277e2f156d&oe=58DCE32E",
                    "width": 1536
                },
                {
                    "height": 1280,
                    "source": "https://scontent.xx.fbcdn.net/v/t31.0-8/p960x960/15493696_1808044416150672_5819719645072801315_o.jpg?oh=0005e07996dcbc2426ac61960b0dd14a&oe=58EEDFFB",
                    "width": 960
                },
                {
                    "height": 960,
                    "source": "https://scontent.xx.fbcdn.net/v/t1.0-9/15492198_1808044416150672_5819719645072801315_n.jpg?oh=dee7a3fca4410422d43f1e959c5dde58&oe=58F4E9AB",
                    "width": 720
                },
                {
                    "height": 800,
                    "source": "https://scontent.xx.fbcdn.net/v/t31.0-0/p600x600/15493696_1808044416150672_5819719645072801315_o.jpg?oh=dc7d8e3754f254d12d4874a12bab4a96&oe=58EB820E",
                    "width": 600
                },
                {
                    "height": 640,
                    "source": "https://scontent.xx.fbcdn.net/v/t1.0-0/p480x480/15492198_1808044416150672_5819719645072801315_n.jpg?oh=8615d1a4244f8b1ce9f60a3e19f223cb&oe=58ED1DB0",
                    "width": 480
                },
                {
                    "height": 426,
                    "source": "https://scontent.xx.fbcdn.net/v/t1.0-0/p320x320/15492198_1808044416150672_5819719645072801315_n.jpg?oh=8d9c771b4c35a4c4db1f33ba0d1be8ca&oe=58DE2DF7",
                    "width": 320
                },
                {
                    "height": 540,
                    "source": "https://scontent.xx.fbcdn.net/v/t1.0-0/p180x540/15492198_1808044416150672_5819719645072801315_n.jpg?oh=9ba3533e52bcdf878ab5ba7ea50d406b&oe=58F18ABC",
                    "width": 405
                },
                {
                    "height": 173,
                    "source": "https://scontent.xx.fbcdn.net/v/t1.0-0/p130x130/15492198_1808044416150672_5819719645072801315_n.jpg?oh=ab4aa2c5b7f2163d3aa66d9fc28d7176&oe=58EC2E10",
                    "width": 130
                },
                {
                    "height": 225,
                    "source": "https://scontent.xx.fbcdn.net/v/t1.0-0/p75x225/15492198_1808044416150672_5819719645072801315_n.jpg?oh=5ec2b13ad2809562be47200f0fbdee2c&oe=58F793A7",
                    "width": 168
                }
            ],
            "album": {
                "created_time": "2014-09-12T19:27:04+0000",
                "name": "Mobile Uploads",
                "id": "1461309800824137"
            },
            "id": "1808044416150672"
        },
        {
            "images": [
                {
                    "height": 2048,
                    "source": "https://scontent.xx.fbcdn.net/v/t31.0-8/15493848_1808044392817341_1602104243605274789_o.jpg?oh=ea41cab153417da01a6e58227bf395d9&oe=58DD444C",
                    "width": 1536
                },
                {
                    "height": 1280,
                    "source": "https://scontent.xx.fbcdn.net/v/t31.0-8/p960x960/15493848_1808044392817341_1602104243605274789_o.jpg?oh=02d2f6cc3834074a2799ca3cdc1eeeb9&oe=58F35199",
                    "width": 960
                },
                {
                    "height": 960,
                    "source": "https://scontent.xx.fbcdn.net/v/t1.0-9/15439979_1808044392817341_1602104243605274789_n.jpg?oh=113a1ce65eaf2a651838790a88e256c7&oe=58DCE214",
                    "width": 720
                },
                {
                    "height": 800,
                    "source": "https://scontent.xx.fbcdn.net/v/t31.0-0/p600x600/15493848_1808044392817341_1602104243605274789_o.jpg?oh=91590ffe4ea4f1d9dcc839b08caca185&oe=58AFC76C",
                    "width": 600
                },
                {
                    "height": 640,
                    "source": "https://scontent.xx.fbcdn.net/v/t1.0-0/p480x480/15439979_1808044392817341_1602104243605274789_n.jpg?oh=af1a81bbc0bb543d939eedbd2135d6f1&oe=58F8E60F",
                    "width": 480
                },
                {
                    "height": 426,
                    "source": "https://scontent.xx.fbcdn.net/v/t1.0-0/p320x320/15439979_1808044392817341_1602104243605274789_n.jpg?oh=e9fca79b819ac4228fa3df9504a31101&oe=58E44F48",
                    "width": 320
                },
                {
                    "height": 540,
                    "source": "https://scontent.xx.fbcdn.net/v/t1.0-0/p180x540/15439979_1808044392817341_1602104243605274789_n.jpg?oh=cf68cbea7cbd007287a8d410b0f8a38b&oe=58FB0A03",
                    "width": 405
                },
                {
                    "height": 173,
                    "source": "https://scontent.xx.fbcdn.net/v/t1.0-0/p130x130/15439979_1808044392817341_1602104243605274789_n.jpg?oh=e288787f1d9464aab21977e716149bd9&oe=58E604AF",
                    "width": 130
                },
                {
                    "height": 225,
                    "source": "https://scontent.xx.fbcdn.net/v/t1.0-0/p75x225/15439979_1808044392817341_1602104243605274789_n.jpg?oh=9e988f081b3b52b4b1ef5983e60712ee&oe=58EC8718",
                    "width": 168
                }
            ],
            "album": {
                "created_time": "2014-09-12T19:27:04+0000",
                "name": "Mobile Uploads",
                "id": "1461309800824137"
            },
            "id": "1808044392817341"
        },
        {
            "images": [
                {
                    "height": 2048,
                    "source": "https://scontent.xx.fbcdn.net/v/t31.0-8/15419697_1808043316150782_8526338179851278048_o.jpg?oh=f5ff21cdd021dccbf96353083c70f41a&oe=58EFA8D3",
                    "width": 1536
                },
                {
                    "height": 1280,
                    "source": "https://scontent.xx.fbcdn.net/v/t31.0-8/p960x960/15419697_1808043316150782_8526338179851278048_o.jpg?oh=90eae404f972c8c0f3138f37f46bbc37&oe=58F0ED06",
                    "width": 960
                },
                {
                    "height": 960,
                    "source": "https://scontent.xx.fbcdn.net/v/t1.0-9/15193414_1808043316150782_8526338179851278048_n.jpg?oh=35ebeb3619c46dfe0a0d06c21bb6c19d&oe=58B117EC",
                    "width": 720
                },
                {
                    "height": 800,
                    "source": "https://scontent.xx.fbcdn.net/v/t31.0-0/p600x600/15419697_1808043316150782_8526338179851278048_o.jpg?oh=8a4cf37fc43bb04f9cb86b0692b8b3a2&oe=58EBABF3",
                    "width": 600
                },
                {
                    "height": 640,
                    "source": "https://scontent.xx.fbcdn.net/v/t1.0-0/p480x480/15193414_1808043316150782_8526338179851278048_n.jpg?oh=68067b3f605f0a14b5bda97c7d95d921&oe=58EF0CF7",
                    "width": 480
                },
                {
                    "height": 426,
                    "source": "https://scontent.xx.fbcdn.net/v/t1.0-0/p320x320/15193414_1808043316150782_8526338179851278048_n.jpg?oh=42633ded1136184ce5380cc61528f90f&oe=58ED2CB0",
                    "width": 320
                },
                {
                    "height": 540,
                    "source": "https://scontent.xx.fbcdn.net/v/t1.0-0/p180x540/15193414_1808043316150782_8526338179851278048_n.jpg?oh=c930fded79e627adc87e03ba895dc48d&oe=58AF71FB",
                    "width": 405
                },
                {
                    "height": 173,
                    "source": "https://scontent.xx.fbcdn.net/v/t1.0-0/p130x130/15193414_1808043316150782_8526338179851278048_n.jpg?oh=82086e0dafeab987ab6f5cea398db21e&oe=58EF3357",
                    "width": 130
                },
                {
                    "height": 225,
                    "source": "https://scontent.xx.fbcdn.net/v/t1.0-0/p75x225/15193414_1808043316150782_8526338179851278048_n.jpg?oh=e1d5d698bb8e2d2beef9b0b96ecd644c&oe=58E26BE0",
                    "width": 168
                }
            ],
            "album": {
                "created_time": "2014-09-12T19:27:04+0000",
                "name": "Mobile Uploads",
                "id": "1461309800824137"
            },
            "id": "1808043316150782"
        },
        {
            "images": [
                {
                    "height": 1536,
                    "source": "https://scontent.xx.fbcdn.net/v/t31.0-8/15493498_1808043289484118_1109494768628018591_o.jpg?oh=191c7049f96829205b8854cf47562b6a&oe=58AF6248",
                    "width": 2048
                },
                {
                    "height": 960,
                    "source": "https://scontent.xx.fbcdn.net/v/t31.0-8/p960x960/15493498_1808043289484118_1109494768628018591_o.jpg?oh=db98d42859fe59fe4dd593a63885d4f9&oe=58F7589D",
                    "width": 1280
                },
                {
                    "height": 720,
                    "source": "https://scontent.xx.fbcdn.net/v/t1.0-9/15541609_1808043289484118_1109494768628018591_n.jpg?oh=410cefed1b4fcf727fde572835952951&oe=58EA5A76",
                    "width": 960
                },
                {
                    "height": 600,
                    "source": "https://scontent.xx.fbcdn.net/v/t31.0-0/p600x600/15493498_1808043289484118_1109494768628018591_o.jpg?oh=4318d60a5dcd9b22e1ab2a6f5b3d8532&oe=58E04B68",
                    "width": 800
                },
                {
                    "height": 480,
                    "source": "https://scontent.xx.fbcdn.net/v/t1.0-0/p480x480/15541609_1808043289484118_1109494768628018591_n.jpg?oh=1ccdd90bce1951c5fef1ea685010dfc4&oe=58E48B6D",
                    "width": 640
                },
                {
                    "height": 320,
                    "source": "https://scontent.xx.fbcdn.net/v/t1.0-0/p320x320/15541609_1808043289484118_1109494768628018591_n.jpg?oh=a8f78825c7d961ef2bf97e3fdbe67173&oe=58E2E22A",
                    "width": 426
                },
                {
                    "height": 540,
                    "source": "https://scontent.xx.fbcdn.net/v/t31.0-0/p180x540/15493498_1808043289484118_1109494768628018591_o.jpg?oh=6cf89771a5a59d98230d80413f50bc9f&oe=58E4EF4D",
                    "width": 720
                },
                {
                    "height": 130,
                    "source": "https://scontent.xx.fbcdn.net/v/t1.0-0/p130x130/15541609_1808043289484118_1109494768628018591_n.jpg?oh=a1271d7af73444d8b0cdccd3268f39b4&oe=58F5BDCD",
                    "width": 173
                },
                {
                    "height": 225,
                    "source": "https://scontent.xx.fbcdn.net/v/t1.0-0/p75x225/15541609_1808043289484118_1109494768628018591_n.jpg?oh=4016489ff4f8052f283707aaa1e3817f&oe=58EF2A7A",
                    "width": 300
                }
            ],
            "album": {
                "created_time": "2014-09-12T19:27:04+0000",
                "name": "Mobile Uploads",
                "id": "1461309800824137"
            },
            "id": "1808043289484118"
        },
        {
            "images": [
                {
                    "height": 2048,
                    "source": "https://scontent.xx.fbcdn.net/v/t31.0-8/15578184_1808043242817456_5609085401892712766_o.jpg?oh=ea2d055c00f03af136c5fb5ea09b794b&oe=58F04EEB",
                    "width": 1536
                },
                {
                    "height": 1280,
                    "source": "https://scontent.xx.fbcdn.net/v/t31.0-8/p960x960/15578184_1808043242817456_5609085401892712766_o.jpg?oh=da52953702534265c4df3ff762566e5b&oe=58B0823E",
                    "width": 960
                },
                {
                    "height": 960,
                    "source": "https://scontent.xx.fbcdn.net/v/t1.0-9/15590151_1808043242817456_5609085401892712766_n.jpg?oh=71ea3014ef1eeaf676eccbcc7cdc7838&oe=58DF1C9F",
                    "width": 720
                },
                {
                    "height": 800,
                    "source": "https://scontent.xx.fbcdn.net/v/t31.0-0/p600x600/15578184_1808043242817456_5609085401892712766_o.jpg?oh=5c497b5ed99af6f89aed5bf8172a72a5&oe=58E831CB",
                    "width": 600
                },
                {
                    "height": 640,
                    "source": "https://scontent.xx.fbcdn.net/v/t1.0-0/p480x480/15590151_1808043242817456_5609085401892712766_n.jpg?oh=9a602c48358062e0efeb4896d93d6bc8&oe=58DF0B84",
                    "width": 480
                },
                {
                    "height": 426,
                    "source": "https://scontent.xx.fbcdn.net/v/t1.0-0/p320x320/15590151_1808043242817456_5609085401892712766_n.jpg?oh=d85fe6bf939fc0f1891bd52032706faf&oe=58EE5BC3",
                    "width": 320
                },
                {
                    "height": 540,
                    "source": "https://scontent.xx.fbcdn.net/v/t1.0-0/p180x540/15590151_1808043242817456_5609085401892712766_n.jpg?oh=f0b086785859259805a5ed64104ad1d4&oe=58B40488",
                    "width": 405
                },
                {
                    "height": 173,
                    "source": "https://scontent.xx.fbcdn.net/v/t1.0-0/p130x130/15590151_1808043242817456_5609085401892712766_n.jpg?oh=f0dbc283f0d6d5d48a558b5d56d55eb5&oe=58DFEA24",
                    "width": 130
                },
                {
                    "height": 225,
                    "source": "https://scontent.xx.fbcdn.net/v/t1.0-0/p75x225/15590151_1808043242817456_5609085401892712766_n.jpg?oh=23997986e0292a44eb73c3a8421f69e4&oe=58E96E93",
                    "width": 168
                }
            ],
            "album": {
                "created_time": "2014-09-12T19:27:04+0000",
                "name": "Mobile Uploads",
                "id": "1461309800824137"
            },
            "id": "1808043242817456"
        }
    ],
    "posts": [
        {
            "full_picture": "https://scontent.xx.fbcdn.net/v/t31.0-8/q81/c0.0.720.720/p720x720/15271988_559889147539139_1390072434324933753_o.jpg?oh=2848f0cca10ae3ef4014f3c6c262d95d&oe=58B027FF",
            "object_id": "1870444709855245",
            "message": "Don't forget about this tomorrow, Tuesday 20th from 7pm. Adam of Reuben's Brews has come all the way from Seattle to see us!",
            "created_time": "2016-12-19T20:33:27+0000",
            "id": "1424554714499646_1809991412622639"
        },
        {
            "full_picture": "https://scontent.xx.fbcdn.net/v/t1.0-9/s720x720/15439962_1808477396107374_396997178608876823_n.jpg?oh=39dc9f4653a4d8e25f2109ed9ac6ac00&oe=58F6B83D",
            "object_id": "1808477396107374",
            "message": "#beertogo #beergifts #beerhunters\nSome more great beers in from Brewski To Øl Dugges Bryggeri and Siren Craft Brew",
            "created_time": "2016-12-16T16:10:39+0000",
            "id": "1424554714499646_1808477732774007"
        },
        {
            "full_picture": "https://scontent.xx.fbcdn.net/v/t1.0-9/s720x720/15349753_1808047042817076_629265335994773467_n.jpg?oh=752abee7ffd57ed644a4ae6843dcc1be&oe=58DD35D0",
            "object_id": "1808047042817076",
            "message": "Stuck for gift ideas? Stocking fillers for beer lovers and gift packs  available from our bottle shop \nWe have over a 100 different beers to choose from including \nEvil twin \nReuben's brew \nSmall town \nMagic rock \nWeird beard \nNorthern monk \nBeavertown \nDugges \nTiny rebel \nMad hatter",
            "created_time": "2016-12-15T18:29:39+0000",
            "id": "1424554714499646_1808047262817054"
        },
        {
            "full_picture": "https://scontent.xx.fbcdn.net/v/t1.0-9/s720x720/15442224_1804552323166548_6639142581350776955_n.jpg?oh=f88f9ba9a315554dddcc9f3f38d5a705&oe=58B13719",
            "object_id": "1804552323166548",
            "message": "At Junkyard Bottle Shop, take out the best dark beers to fill your stockings with this weekend courtesy of Beavertown Brewery and Weird Beard Brew Co. \n\n#beerhunters #beergifts #beertogo",
            "created_time": "2016-12-09T14:20:12+0000",
            "id": "1424554714499646_1804555309832916"
        },
        {
            "full_picture": "https://scontent.xx.fbcdn.net/v/t31.0-8/q81/c0.0.720.720/p720x720/15271988_559889147539139_1390072434324933753_o.jpg?oh=2848f0cca10ae3ef4014f3c6c262d95d&oe=58B027FF",
            "object_id": "1870444709855245",
            "message": "This guy has some serious brew kit and really knows his s***! Best beers in Seattle? Come and meet Adam and decide for yourself...",
            "created_time": "2016-12-01T21:46:52+0000",
            "id": "1424554714499646_1800485530239894"
        },
        {
            "full_picture": "https://scontent.xx.fbcdn.net/v/t1.0-9/s720x720/15230784_1800336526921461_7372739942280517394_n.jpg?oh=dd777da3b51767889c544af42510a2f5&oe=58F74343",
            "object_id": "1800336526921461",
            "message": "Just rolled into the cellar",
            "created_time": "2016-12-01T15:08:45+0000",
            "id": "1424554714499646_1800336526921461"
        },
        {
            "full_picture": "https://scontent.xx.fbcdn.net/v/t1.0-9/s720x720/15181125_1796401877314926_3300897766378234704_n.jpg?oh=001a0ab045ec21aaea112100b7d30f73&oe=58F2BD6C",
            "object_id": "1796401877314926",
            "message": "Fresh Seattle Beer and a Beavertown Promotion in the bar/bottle shop this weekend until stocks last",
            "created_time": "2016-11-24T11:02:40+0000",
            "id": "1424554714499646_1796401877314926"
        },
        {
            "full_picture": "https://scontent.xx.fbcdn.net/v/t1.0-0/p180x540/15181226_1796146890673758_2901612874838715550_n.jpg?oh=5ee4d4326d872c1ca1cedf5fbd4700bd&oe=58EAABFA",
            "object_id": "1796146890673758",
            "message": "Fresh into the bottle shop today",
            "created_time": "2016-11-23T18:54:26+0000",
            "id": "1424554714499646_1796146890673758"
        },
        {
            "full_picture": "https://scontent.xx.fbcdn.net/v/t31.0-8/q81/c0.0.720.720/p720x720/15122865_1793617374260043_7027599500387039987_o.jpg?oh=071c864f6d27c752b0630e8eec34fe87&oe=58DD98E6",
            "object_id": "202652706846266",
            "message": "This thursday.",
            "created_time": "2016-11-22T11:13:01+0000",
            "id": "1424554714499646_1795506927404421"
        },
        {
            "full_picture": "https://scontent.xx.fbcdn.net/v/t1.0-0/p180x540/15037310_1794317814189999_653058744768889438_n.jpg?oh=d0f77cabe8f750a07cb8e4fbe1a084f7&oe=58F693CB",
            "object_id": "1794317814189999",
            "message": "The Saturday board",
            "created_time": "2016-11-19T18:39:42+0000",
            "id": "1424554714499646_1794317814189999"
        }
    ],
    "picture": {
        "is_silhouette": false,
        "url": "https://scontent.xx.fbcdn.net/v/t1.0-1/p200x200/10410575_1639018746386574_8819066910834555954_n.jpg?oh=f98a0a3017bb6856edd4cc89869b48dc&oe=58DBFA2D"
    },
    "events": [],
    "call_to_actions": [
        {
            "web_url": "",
            "type": "CALL_NOW",
            "status": "ACTIVE",
            "web_destination_type": "PHONE_CALL",
            "id": "1669044736717308"
        }
    ]
}
