{"id":"1473863586167236","name":"Boston Tea Party Cheltenham","about":"Boston Tea Party Cafes","cover":{"cover_id":"1790782954475296","offset_x":0,"offset_y":52,"source":"https://scontent.xx.fbcdn.net/v/t1.0-9/s720x720/21527_1790782954475296_5573026847056338084_n.jpg?oh=fbd7a379bf59354d294108a3313404f3&oe=58F017CF","id":"1790782954475296"},"category":"Restaurant","description":"We are a West country born & family owned independent small café chain  serving simply & well prepared food & drinks made with great ingredients, skill and love.  Ethically sourced, affordable & feel-good - made from scratch onsite everyday.  ","hours":{"mon_1_open":"07:00","mon_1_close":"21:00","tue_1_open":"07:00","tue_1_close":"21:00","wed_1_open":"07:00","wed_1_close":"21:00","thu_1_open":"07:00","thu_1_close":"21:00","fri_1_open":"07:00","fri_1_close":"21:00","sat_1_open":"07:00","sat_1_close":"21:00","sun_1_open":"07:00","sun_1_close":"21:00"},"link":"https://www.facebook.com/BTPCheltenham/","location":{"city":"Cheltenham","country":"United Kingdom","latitude":51.900969333939,"longitude":-2.0774741280141,"street":"45 - 49 Clarence Street","zip":"GL50 3"},"phone":"01242 573 935","emails":["cheltenham@bostonteaparty.co.uk"],"photos":[{"images":[{"height":741,"source":"https://scontent.xx.fbcdn.net/v/t1.0-9/15192722_1921470034739920_6949251401621518257_n.jpg?oh=2bd36688ab3a59a09aa7b9857b0078e3&oe=58B3F663","width":750},{"height":720,"source":"https://scontent.xx.fbcdn.net/v/t1.0-9/p720x720/15192722_1921470034739920_6949251401621518257_n.jpg?oh=0c6adc98e792a1402e6ff7f2f4551399&oe=58B4F4CD","width":728},{"height":600,"source":"https://scontent.xx.fbcdn.net/v/t1.0-0/p600x600/15192722_1921470034739920_6949251401621518257_n.jpg?oh=928875bd994ec4b80fec27c64944812a&oe=58B17751","width":607},{"height":480,"source":"https://scontent.xx.fbcdn.net/v/t1.0-0/p480x480/15192722_1921470034739920_6949251401621518257_n.jpg?oh=31c4da46a2f86311ad0a0ee968a35444&oe=58B6E578","width":485},{"height":320,"source":"https://scontent.xx.fbcdn.net/v/t1.0-0/p320x320/15192722_1921470034739920_6949251401621518257_n.jpg?oh=348e4781097983401ee15e9b5785727e&oe=58B1AE3F","width":323},{"height":540,"source":"https://scontent.xx.fbcdn.net/v/t1.0-0/p180x540/15192722_1921470034739920_6949251401621518257_n.jpg?oh=5ea429274f458c259037c9f76c4c50c8&oe=58F61174","width":546},{"height":130,"source":"https://scontent.xx.fbcdn.net/v/t1.0-0/p130x130/15192722_1921470034739920_6949251401621518257_n.jpg?oh=49134e733616d5ad057b07ed8536d80a&oe=58F100D8","width":131},{"height":225,"source":"https://scontent.xx.fbcdn.net/v/t1.0-0/p75x225/15192722_1921470034739920_6949251401621518257_n.jpg?oh=395493df8f5e86e5900cbbe8c00684b3&oe=58FB9E6F","width":227}],"album":{"created_time":"2014-07-01T19:00:17+0000","name":"Mobile Uploads","id":"1518114588408802"},"id":"1921470034739920"}],"posts":[{"full_picture":"https://external.xx.fbcdn.net/safe_image.php?d=AQAui8CD4ETMX8_J&url=http%3A%2F%2Fwww.bostonteaparty.co.uk%2Fperch%2Fresources%2Ffilter840x509-w624pxh416px.jpg","message":"With it being Black Friday - why not take your filter black? Here's why we recommend it \n\nhttp://ow.ly/Y1L4306uXdK","created_time":"2016-11-25T08:10:12+0000","id":"1473863586167236_1923340197886237"},{"full_picture":"https://scontent.xx.fbcdn.net/v/t1.0-9/s720x720/15107302_1921908681362722_5024317195914997868_n.jpg?oh=e5fd160b3130a4280bbc51ba994c2c8a&oe=58AFE4A3","object_id":"1921908681362722","message":"Breakfast, lunch or dinner, we've got it covered! #mushroomsontoast #mushroom #btp #cheltenham #cafeculture #breakfast #lunch #dinner","created_time":"2016-11-22T09:00:58+0000","id":"1473863586167236_1921908681362722"},{"full_picture":"https://scontent.xx.fbcdn.net/v/t1.0-9/s720x720/15192722_1921470034739920_6949251401621518257_n.jpg?oh=1733e81643e6cb61ac50e6644987eab3&oe=58F25A1D","object_id":"1921470034739920","message":"Today's the day!!! Come and buy one of these and get ANY hot drink for FREE!! 😵☕️ #free #hot #drink #friand #raspberry #chocolate #btp #cheltenham","created_time":"2016-11-20T09:30:17+0000","id":"1473863586167236_1921076921445898"},{"full_picture":"https://scontent.xx.fbcdn.net/v/t1.0-9/p720x720/15107359_1921075568112700_2007710599855402795_n.jpg?oh=cf8c7013dd8f9b049c62b4e8bac26676&oe=58EB028B","object_id":"1921075568112700","message":"Buy one of our fantastically fabulous friands tomorrow and get any hot drink FREE!! #raspberry #chocolate #friand #sunday #treat #free #coffee #tea #hot #chocolate #cheltenham #btp #bostonteaparty #cafeculture","created_time":"2016-11-19T20:40:58+0000","id":"1473863586167236_1921075568112700"},{"full_picture":"https://external.xx.fbcdn.net/safe_image.php?d=AQBIquhwqfETe9rN&url=http%3A%2F%2Fwww.bostonteaparty.co.uk%2Fperch%2Fresources%2Frszll026974-w624pxh416px.jpg","message":"We're managing our Bake Off withdrawal symptoms with some cake (naturally), but if you want to fill the void, why not try baking our coconut and lime loaf? http://ow.ly/Kq8w305b787","created_time":"2016-11-02T16:35:25+0000","id":"1473863586167236_1913485735538350"},{"full_picture":"https://scontent.xx.fbcdn.net/v/t1.0-9/s720x720/14632993_1912804145606509_3379054855297604044_n.jpg?oh=8c7562705c13a2addf4461065cdffac8&oe=58B85E85","object_id":"1912804145606509","message":"Pinch. Punch. Brunch. (Even on a Tuesday!)","created_time":"2016-11-01T08:35:13+0000","id":"1473863586167236_1912804145606509"},{"full_picture":"https://scontent.xx.fbcdn.net/v/t1.0-9/s720x720/14708179_1912262932327297_8952373123962802539_n.jpg?oh=1db37c96251a80be56b7da803bc84f16&oe=58FD1B80","object_id":"1912262932327297","message":"No tricks. Just treats. Happy Halloween.","created_time":"2016-10-31T10:01:20+0000","id":"1473863586167236_1912262932327297"},{"full_picture":"https://scontent.xx.fbcdn.net/v/t31.0-8/s720x720/14700971_1912262925660631_7808009366436816062_o.jpg?oh=486b2dc55d5f6264c576662e4beb8ddc&oe=58E824AC","object_id":"1912262925660631","message":"No tricks. Just treats. Happy Halloween.","created_time":"2016-10-31T10:01:19+0000","id":"1473863586167236_1912262925660631"},{"full_picture":"https://scontent.xx.fbcdn.net/v/t1.0-9/s720x720/14925253_1911727755714148_3068133851533410522_n.jpg?oh=c76097f36f52ca8a01e7c3b63ad2b4df&oe=58F6A14C","object_id":"1911727755714148","message":"Confused what time it is? Yep, the clocks went back last night (the good one), but as we serve breakfast all day it doesn't really matter!","created_time":"2016-10-30T08:45:13+0000","id":"1473863586167236_1911727755714148"},{"message":"1 Sourdough eggy bread + 1 Bloody Mary (Or 2... or 3...) = Best brunch ever.","created_time":"2016-10-29T08:30:42+0000","id":"1473863586167236_1911172769102980"}],"picture":{"is_silhouette":false,"url":"https://scontent.xx.fbcdn.net/v/t1.0-1/p200x200/1919295_1790782807808644_4047192427509862600_n.jpg?oh=fac6d9c531cbd2bc262487b9a04dfd1a&oe=58E910E0"},"events":[],"call_to_actions":[{"web_url":"","type":"CALL_NOW","status":"ACTIVE","web_destination_type":"PHONE_CALL","id":"1816301918590066"}]}